{"cameraMode":{"drawMode":0,"name":"Shaded","section":"Shading Mode"},"sceneLighting":true,"audioPlay":false,"sceneViewState":{"showFog":true,"showMaterialUpdate":false,"showSkybox":true,"showFlares":true,"showImageEffects":true,"showParticleSystems":true},"in2DMode":false,"pivot":{"x":-549.1441650390625,"y":62.76631164550781,"z":-1202.7393798828125},"rotation":{"x":-0.21104881167411805,"y":-0.39300841093063357,"z":0.09322290122509003,"w":-0.8901609778404236},"size":62.722015380859378,"orthographic":false}